High,CompPrice,Income,Advertising,Population,Price,Age,Education,US,Urban,ShelveLoc
Yes,138,73,11,276,120,42,17,Yes,Yes,Bad
Yes,111,48,16,260,83,65,10,Yes,Yes,Good
Yes,113,35,10,269,80,59,12,Yes,Yes,Medium
No,117,100,4,466,97,55,14,Yes,Yes,Medium
No,141,64,3,340,128,38,13,No,Yes,Bad
Yes,124,113,13,501,72,78,16,Yes,No,Bad
No,115,105,0,45,108,71,15,No,Yes,Medium
Yes,136,81,15,425,120,67,10,Yes,Yes,Good
No,132,110,0,108,124,76,10,No,No,Medium
No,132,113,0,131,124,76,17,Yes,No,Medium
Yes,121,78,9,150,100,26,10,Yes,No,Bad
Yes,117,94,4,503,94,50,13,Yes,Yes,Good
No,122,35,2,393,136,62,18,No,Yes,Medium
Yes,115,28,11,29,86,53,18,Yes,Yes,Good
Yes,107,117,11,148,118,52,18,Yes,Yes,Good
Yes,149,95,5,400,144,76,18,No,No,Medium
No,118,32,0,284,110,63,13,No,Yes,Good
Yes,147,74,13,251,131,52,10,Yes,Yes,Good
Yes,110,110,0,408,68,46,17,Yes,No,Good
Yes,129,76,16,58,121,69,12,Yes,Yes,Medium
No,125,90,2,367,131,35,18,Yes,Yes,Medium
Yes,134,29,12,239,109,62,18,Yes,No,Good
No,128,46,6,497,138,42,13,No,Yes,Medium
No,121,31,0,292,109,79,10,No,Yes,Medium
Yes,145,119,16,294,113,42,12,Yes,Yes,Bad
Yes,139,32,0,176,82,54,11,No,No,Good
Yes,107,115,11,496,131,50,11,Yes,No,Good
No,98,118,0,19,107,64,17,No,Yes,Medium
No,103,74,0,359,97,55,11,Yes,Yes,Bad
No,104,99,15,226,102,58,17,Yes,Yes,Bad
Yes,125,94,0,447,89,30,12,No,Yes,Good
Yes,136,58,16,241,131,44,18,Yes,Yes,Medium
No,107,32,12,236,137,64,10,Yes,No,Good
Yes,114,38,13,317,128,50,16,Yes,Yes,Good
No,115,54,0,406,128,42,17,Yes,Yes,Medium
Yes,131,84,11,29,96,44,17,Yes,No,Medium
Yes,122,76,0,270,100,60,18,No,No,Good
No,121,41,5,412,110,54,10,Yes,Yes,Medium
No,109,73,0,454,102,65,15,No,Yes,Medium
No,130,60,0,144,138,38,10,No,No,Bad
No,119,98,0,18,126,73,17,No,No,Bad
No,157,53,0,403,124,58,16,No,Yes,Bad
Yes,77,69,0,25,24,50,18,No,Yes,Medium
No,123,42,11,16,134,59,13,Yes,Yes,Medium
No,85,79,6,325,95,69,13,Yes,Yes,Medium
No,141,63,0,168,135,44,12,Yes,Yes,Bad
Yes,127,90,14,16,70,48,15,Yes,No,Medium
No,126,98,0,173,108,55,16,No,Yes,Bad
No,116,52,0,349,98,69,18,No,Yes,Bad
Yes,157,93,0,51,149,32,17,No,Yes,Good
No,99,32,18,341,108,80,16,Yes,Yes,Bad
No,121,90,0,150,108,75,16,No,Yes,Bad
No,153,40,3,112,129,39,18,Yes,Yes,Bad
No,109,64,13,39,119,61,17,Yes,Yes,Medium
No,134,103,13,25,144,76,17,Yes,No,Medium
No,143,81,5,60,154,61,18,Yes,Yes,Medium
Yes,133,82,0,54,84,50,17,No,Yes,Medium
No,93,91,0,22,117,75,11,No,Yes,Bad
No,103,93,15,188,103,74,16,Yes,Yes,Bad
No,118,71,4,148,114,80,13,No,Yes,Medium
Yes,122,102,19,469,123,29,13,Yes,Yes,Bad
No,105,32,0,358,107,26,13,No,No,Medium
No,139,45,0,146,133,77,17,Yes,Yes,Bad
Yes,119,88,10,170,101,61,13,Yes,Yes,Medium
No,100,67,12,184,104,32,16,Yes,No,Medium
No,122,26,0,197,128,55,13,No,No,Medium
Yes,127,92,0,508,91,56,18,No,Yes,Medium
Yes,126,61,14,152,115,47,16,Yes,Yes,Medium
Yes,149,69,20,366,134,60,13,Yes,Yes,Good
No,127,59,0,339,99,65,12,No,Yes,Medium
Yes,89,81,15,237,99,74,12,Yes,Yes,Good
No,148,51,16,148,150,58,17,Yes,No,Medium
No,115,45,0,432,116,25,15,No,Yes,Medium
Yes,118,90,10,54,104,31,11,Yes,No,Good
No,150,68,5,125,136,64,13,Yes,No,Medium
Yes,88,111,23,480,92,36,16,Yes,No,Bad
Yes,102,87,10,346,70,64,15,Yes,Yes,Medium
No,118,71,12,44,89,67,18,Yes,No,Medium
No,134,48,1,139,145,65,12,Yes,Yes,Medium
Yes,134,67,0,286,90,41,13,No,Yes,Bad
Yes,113,100,16,353,79,68,11,Yes,Yes,Bad
No,116,72,0,237,128,70,13,No,Yes,Good
Yes,151,83,4,325,139,28,17,Yes,Yes,Good
No,109,36,7,468,94,56,11,Yes,Yes,Bad
No,111,25,0,52,121,43,18,No,No,Bad
Yes,125,103,0,304,112,49,13,No,No,Medium
Yes,150,84,9,432,134,64,15,No,Yes,Medium
Yes,131,67,7,272,126,54,16,Yes,No,Good
No,117,42,7,144,111,62,10,Yes,Yes,Medium
No,128,66,3,493,119,45,16,No,No,Medium
No,115,22,0,491,103,64,11,No,No,Medium
No,97,46,11,267,107,80,15,Yes,Yes,Medium
No,114,113,0,97,125,29,12,No,Yes,Medium
Yes,145,30,0,67,104,55,17,No,Yes,Medium
Yes,115,97,5,134,84,55,11,Yes,Yes,Bad
No,134,25,10,237,148,59,13,Yes,Yes,Medium
Yes,147,42,10,407,132,73,16,Yes,No,Good
No,161,82,5,287,129,33,16,Yes,Yes,Bad
Yes,122,77,24,382,127,36,16,Yes,No,Good
No,121,47,3,220,107,56,16,Yes,No,Bad
No,113,69,11,94,106,76,12,Yes,No,Medium
No,128,93,0,89,118,34,18,No,Yes,Medium
No,113,22,0,57,97,65,16,No,No,Medium
No,123,91,0,334,96,78,17,Yes,Yes,Bad
No,121,96,0,472,138,51,12,No,Yes,Medium
No,104,100,8,398,97,61,11,Yes,Yes,Medium
No,102,33,0,217,139,70,18,No,No,Medium
Yes,134,107,0,104,108,60,12,No,Yes,Medium
No,107,79,2,488,103,65,16,No,Yes,Bad
Yes,115,65,0,217,90,60,17,No,No,Medium
Yes,128,62,7,125,116,43,14,Yes,Yes,Medium
No,132,118,12,272,151,43,14,Yes,Yes,Medium
No,116,99,5,298,125,62,12,Yes,Yes,Good
No,131,29,11,335,127,33,12,Yes,Yes,Bad
Yes,122,87,9,17,106,65,13,Yes,Yes,Medium
Yes,139,35,0,95,129,42,13,No,Yes,Medium
No,135,75,0,202,128,80,10,No,No,Medium
Yes,145,53,0,507,119,41,12,No,Yes,Medium
No,112,88,2,243,99,62,11,Yes,Yes,Medium
No,130,94,8,137,128,64,12,Yes,Yes,Medium
No,128,105,11,249,131,63,13,Yes,Yes,Medium
Yes,125,89,10,380,87,28,10,Yes,Yes,Bad
No,119,100,5,45,108,75,10,Yes,Yes,Medium
Yes,127,103,0,125,155,29,15,Yes,No,Good
Yes,131,113,0,181,120,63,14,No,Yes,Good
Yes,89,78,0,181,49,43,15,No,No,Medium
Yes,153,68,2,60,133,59,16,Yes,Yes,Good
No,125,48,3,192,116,51,14,Yes,Yes,Medium
No,133,100,3,350,126,55,13,Yes,Yes,Bad
No,143,120,7,279,147,40,10,Yes,No,Bad
Yes,94,84,13,497,77,51,12,Yes,Yes,Medium
No,108,69,3,208,94,77,16,No,Yes,Medium
Yes,125,87,9,232,136,72,10,Yes,Yes,Good
No,132,98,2,265,97,62,12,Yes,Yes,Bad
No,132,31,0,327,131,76,16,No,Yes,Medium
No,96,94,14,384,120,36,18,Yes,No,Medium
No,131,75,0,10,120,31,18,No,No,Bad
No,128,42,0,436,118,80,11,No,Yes,Medium
Yes,125,103,12,371,109,44,10,Yes,Yes,Medium
Yes,146,62,10,310,94,30,13,Yes,No,Medium
No,133,60,10,277,129,45,18,Yes,Yes,Medium
No,140,42,0,331,131,28,15,No,Yes,Bad
No,124,84,0,300,104,77,15,No,Yes,Medium
No,122,88,7,36,159,28,17,Yes,Yes,Bad
Yes,132,68,0,264,123,34,11,No,No,Good
Yes,144,63,11,27,117,47,17,Yes,Yes,Medium
No,114,83,0,412,131,39,14,No,Yes,Bad
Yes,140,54,9,402,119,41,16,Yes,No,Good
No,110,119,0,384,97,72,14,Yes,No,Medium
Yes,121,120,13,140,87,56,11,Yes,Yes,Medium
Yes,122,84,8,176,114,57,10,Yes,No,Good
Yes,111,58,17,407,103,75,17,Yes,No,Good
No,128,78,0,341,128,45,13,No,No,Good
No,150,36,7,488,150,25,17,Yes,No,Medium
No,129,69,10,289,110,50,16,Yes,No,Medium
No,98,72,0,59,69,65,16,No,Yes,Medium
No,146,34,0,220,157,51,16,No,Yes,Good
Yes,121,58,8,249,90,48,13,Yes,No,Medium
Yes,142,90,1,189,112,39,10,Yes,No,Good
Yes,119,60,0,372,70,30,18,No,No,Bad
No,111,28,0,486,111,29,12,No,No,Medium
No,143,21,5,81,160,67,12,Yes,No,Medium
No,122,74,0,424,149,51,13,No,Yes,Medium
No,130,64,0,40,106,39,17,No,No,Bad
Yes,148,64,0,58,141,27,13,Yes,No,Medium
No,147,58,7,100,191,27,15,Yes,Yes,Bad
No,119,67,17,151,137,55,11,Yes,Yes,Medium
No,106,73,0,216,93,60,13,No,Yes,Medium
No,129,89,0,425,117,45,10,No,Yes,Medium
Yes,104,41,15,492,77,73,18,Yes,Yes,Good
Yes,128,39,12,356,118,71,10,Yes,Yes,Medium
Yes,93,106,12,416,55,75,15,Yes,Yes,Medium
Yes,104,102,13,123,110,35,16,Yes,Yes,Good
No,135,91,5,207,128,66,18,Yes,Yes,Medium
No,139,24,0,358,185,79,15,No,No,Medium
No,115,89,0,38,122,25,12,No,Yes,Medium
No,138,107,9,480,154,47,11,Yes,No,Medium
Yes,138,72,0,148,94,27,17,Yes,Yes,Medium
Yes,104,71,14,89,81,25,14,Yes,No,Medium
No,144,25,3,70,116,77,18,Yes,Yes,Medium
No,137,112,15,434,149,66,13,Yes,Yes,Bad
No,121,83,0,79,91,68,11,No,Yes,Medium
No,137,60,4,230,140,25,13,No,Yes,Bad
No,118,74,6,426,102,80,18,Yes,Yes,Medium
Yes,132,33,7,35,97,60,11,Yes,No,Medium
Yes,130,100,11,449,107,64,10,Yes,Yes,Medium
Yes,120,51,0,93,86,46,17,No,No,Medium
No,117,32,0,142,96,62,17,No,Yes,Bad
Yes,116,37,0,426,90,76,15,No,Yes,Medium
Yes,118,117,18,509,104,26,15,Yes,No,Medium
Yes,130,37,13,297,101,37,13,Yes,No,Medium
No,156,42,13,170,173,74,14,Yes,Yes,Good
No,108,26,0,408,93,56,14,No,No,Medium
Yes,139,70,7,71,96,61,10,Yes,Yes,Good
No,112,98,18,481,128,45,11,Yes,Yes,Medium
No,117,93,4,420,112,66,11,Yes,Yes,Bad
No,130,28,6,410,133,72,16,Yes,Yes,Bad
No,124,61,0,333,138,76,16,No,Yes,Medium
No,112,80,5,500,128,69,10,Yes,Yes,Medium
No,122,88,5,335,126,64,14,Yes,Yes,Medium
No,144,92,0,349,146,62,12,No,No,Medium
No,138,83,0,139,134,54,18,No,Yes,Medium
No,121,78,4,413,130,46,10,Yes,No,Bad
No,131,82,0,132,157,25,14,No,Yes,Bad
Yes,155,80,0,237,124,37,14,No,Yes,Medium
No,113,22,1,317,132,28,12,No,Yes,Medium
No,162,67,0,27,160,77,17,Yes,Yes,Medium
Yes,111,105,0,466,97,61,10,No,No,Bad
No,86,54,0,497,64,33,12,No,Yes,Bad
No,98,21,11,326,90,76,11,Yes,No,Bad
No,125,41,2,357,123,47,14,Yes,No,Bad
Yes,117,118,14,445,120,32,15,Yes,Yes,Medium
Yes,145,69,19,501,105,45,11,Yes,Yes,Medium
Yes,149,84,5,220,139,33,10,Yes,Yes,Medium
No,115,115,3,48,107,73,18,Yes,Yes,Medium
No,116,83,15,170,144,71,11,Yes,Yes,Bad
No,141,33,0,243,144,34,17,No,Yes,Medium
No,106,44,0,481,111,70,14,No,No,Medium
Yes,138,61,12,156,120,25,14,Yes,Yes,Medium
Yes,116,79,19,359,116,58,17,Yes,Yes,Good
Yes,131,120,15,262,124,30,10,Yes,Yes,Medium
No,124,44,0,125,107,80,11,No,Yes,Medium
No,136,119,6,178,145,35,13,Yes,Yes,Medium
No,110,45,9,276,125,62,14,Yes,Yes,Medium
No,134,82,0,464,141,48,13,No,No,Medium
No,107,25,0,412,82,36,14,No,Yes,Bad
No,119,33,0,245,122,56,14,No,Yes,Good
Yes,113,64,10,68,101,57,16,Yes,Yes,Medium
No,149,73,13,381,163,26,11,Yes,No,Bad
Yes,98,104,0,404,72,27,18,No,No,Medium
No,115,60,0,119,114,38,14,No,No,Bad
Yes,132,69,0,123,122,27,11,No,No,Medium
Yes,137,80,10,24,105,61,15,Yes,Yes,Good
Yes,123,76,18,218,120,29,14,Yes,No,Medium
Yes,115,62,11,289,129,56,16,Yes,No,Good
No,126,32,8,95,132,50,17,Yes,Yes,Medium
Yes,141,34,16,361,108,69,10,Yes,Yes,Medium
Yes,151,28,8,499,135,48,10,Yes,Yes,Medium
No,121,24,0,200,133,73,13,No,Yes,Good
No,123,105,0,149,118,62,16,Yes,Yes,Bad
Yes,159,80,0,362,121,26,18,No,Yes,Medium
Yes,136,63,0,160,94,38,12,No,Yes,Medium
No,124,46,0,199,135,52,14,No,No,Medium
No,124,25,13,87,110,57,10,Yes,Yes,Medium
Yes,130,30,0,391,100,26,18,No,Yes,Medium
Yes,114,43,0,199,88,57,10,Yes,No,Good
No,120,56,20,266,90,78,18,Yes,Yes,Bad
No,123,114,0,298,151,34,16,No,Yes,Bad
No,111,52,0,12,101,61,11,Yes,Yes,Medium
No,125,67,0,86,117,65,11,No,Yes,Bad
Yes,137,105,10,435,156,72,14,Yes,Yes,Good
No,139,111,5,310,132,62,13,Yes,Yes,Bad
Yes,133,97,0,70,117,32,16,No,Yes,Medium
No,124,24,5,288,122,57,12,Yes,No,Medium
Yes,108,104,23,353,129,37,17,Yes,Yes,Good
No,123,81,8,198,81,80,15,Yes,Yes,Bad
No,147,40,0,277,144,73,10,No,Yes,Medium
Yes,125,62,14,477,112,80,13,Yes,Yes,Medium
No,108,38,0,251,81,72,14,No,No,Bad
No,123,36,10,467,100,74,11,Yes,No,Bad
No,129,117,8,400,101,36,10,Yes,Yes,Bad
No,121,42,4,188,118,54,15,Yes,Yes,Medium
No,120,77,15,86,132,48,18,Yes,Yes,Medium
No,116,26,6,434,115,25,17,Yes,Yes,Medium
No,128,29,5,324,159,31,15,Yes,Yes,Good
No,130,35,10,402,129,39,17,Yes,Yes,Bad
Yes,128,93,12,343,112,73,17,Yes,No,Good
No,134,82,7,473,112,51,12,Yes,No,Bad
No,123,57,0,66,105,39,11,No,Yes,Medium
No,159,69,0,438,166,46,17,No,Yes,Medium
Yes,119,26,0,284,89,26,10,No,Yes,Good
No,111,56,0,504,110,62,16,No,Yes,Medium
Yes,113,33,0,14,63,38,12,No,Yes,Good
Yes,116,106,8,244,86,58,12,Yes,Yes,Medium
No,135,93,2,67,119,34,11,Yes,Yes,Medium
No,107,119,11,210,132,53,11,Yes,Yes,Medium
No,135,69,14,296,130,73,15,Yes,Yes,Medium
No,136,48,12,326,125,36,16,Yes,Yes,Medium
No,114,113,2,129,151,40,15,Yes,No,Good
No,141,57,13,376,158,64,18,Yes,Yes,Medium
No,121,86,10,496,145,51,10,Yes,Yes,Bad
Yes,122,69,7,303,105,45,16,Yes,No,Good
No,150,96,0,80,154,61,11,No,Yes,Good
No,135,110,0,112,117,80,16,No,No,Medium
No,106,46,11,414,96,79,17,No,No,Bad
No,146,26,11,261,131,39,10,Yes,Yes,Medium
No,117,118,11,429,113,67,18,Yes,No,Medium
No,95,44,4,208,72,44,17,Yes,Yes,Bad
No,116,40,0,74,97,76,15,No,No,Medium
Yes,143,77,25,448,156,43,17,Yes,Yes,Medium
Yes,107,111,14,400,103,41,11,Yes,No,Medium
No,118,70,0,106,89,39,17,No,Yes,Bad
Yes,113,66,16,322,74,76,15,Yes,Yes,Good
Yes,123,84,0,74,89,59,10,No,Yes,Good
Yes,148,76,3,126,99,60,11,Yes,Yes,Good
No,118,35,14,502,137,79,10,Yes,No,Medium
Yes,127,44,13,160,123,63,18,Yes,Yes,Good
No,118,83,13,276,104,75,10,Yes,Yes,Bad
Yes,148,63,0,312,130,63,15,No,Yes,Good
Yes,135,40,17,497,96,54,17,Yes,No,Medium
Yes,116,78,1,158,99,45,11,Yes,Yes,Medium
No,99,93,0,198,87,57,16,Yes,Yes,Medium
No,108,77,13,388,110,74,14,Yes,Yes,Bad
Yes,133,52,16,290,99,43,11,Yes,Yes,Medium
Yes,123,98,12,408,134,29,10,Yes,Yes,Good
Yes,115,29,26,394,132,33,13,Yes,Yes,Medium
No,131,32,1,85,133,48,12,Yes,Yes,Medium
No,138,92,0,13,120,61,12,No,Yes,Bad
Yes,126,80,19,436,126,52,10,Yes,Yes,Medium
Yes,131,111,13,33,80,68,18,Yes,Yes,Bad
Yes,175,65,29,419,166,53,12,Yes,Yes,Medium
No,146,68,12,328,132,51,14,Yes,Yes,Bad
No,137,117,5,337,135,38,10,Yes,Yes,Bad
Yes,103,81,3,491,54,66,13,No,Yes,Medium
No,133,33,10,333,129,71,14,Yes,Yes,Good
No,131,21,8,220,171,29,14,Yes,Yes,Good
Yes,122,36,5,369,72,35,10,Yes,Yes,Good
No,142,30,0,472,136,80,15,No,No,Good
Yes,116,72,10,456,130,41,14,Yes,No,Good
No,127,45,19,459,129,57,11,Yes,No,Medium
No,136,70,12,171,152,44,18,Yes,Yes,Medium
No,123,39,5,499,98,34,15,No,Yes,Medium
Yes,140,50,10,300,139,60,15,Yes,Yes,Good
Yes,107,105,18,428,103,34,12,Yes,Yes,Medium
No,136,65,4,133,150,53,13,Yes,Yes,Bad
Yes,144,69,11,131,104,47,11,Yes,Yes,Medium
No,133,30,0,152,122,53,17,No,Yes,Medium
No,112,38,17,316,104,80,16,Yes,Yes,Medium
No,117,66,1,65,111,55,11,Yes,Yes,Bad
Yes,100,54,9,433,89,45,12,Yes,Yes,Good
No,122,59,0,501,112,32,14,No,No,Bad
Yes,135,63,15,213,134,32,10,Yes,Yes,Medium
No,106,33,20,354,104,61,12,Yes,Yes,Medium
No,136,60,7,303,147,41,10,Yes,Yes,Medium
No,93,117,9,489,83,42,13,Yes,Yes,Bad
No,120,70,15,464,110,72,15,Yes,Yes,Medium
No,138,35,6,60,143,28,18,No,Yes,Bad
Yes,130,38,0,283,102,80,15,No,Yes,Medium
No,112,24,0,164,101,45,11,No,Yes,Medium
Yes,134,44,4,219,126,44,15,Yes,Yes,Good
No,140,29,0,105,91,43,16,No,Yes,Bad
No,98,120,0,268,93,72,10,No,No,Medium
No,137,102,13,422,118,71,10,Yes,No,Medium
No,117,42,10,371,121,26,14,Yes,Yes,Bad
Yes,138,80,0,108,126,70,13,Yes,No,Good
No,121,68,0,279,149,79,12,No,Yes,Good
Yes,132,107,0,144,125,33,13,No,No,Medium
No,96,39,0,161,112,27,14,No,No,Good
Yes,132,102,20,459,107,49,11,Yes,Yes,Good
Yes,134,27,18,467,96,49,14,Yes,No,Medium
Yes,111,101,17,266,91,63,17,Yes,No,Medium
Yes,124,115,16,458,105,62,16,Yes,No,Medium
Yes,133,103,14,288,122,61,17,Yes,Yes,Good
Yes,107,67,12,430,92,35,12,Yes,No,Medium
No,133,31,1,80,145,42,18,Yes,Yes,Medium
No,130,100,0,306,146,42,11,No,Yes,Good
No,142,109,0,111,164,72,12,No,Yes,Good
Yes,103,73,3,276,72,34,15,Yes,Yes,Medium
No,123,96,10,71,118,69,11,Yes,Yes,Bad
No,130,62,11,396,130,66,14,Yes,Yes,Bad
Yes,118,86,7,265,114,52,15,Yes,No,Good
Yes,131,25,10,183,104,56,15,Yes,No,Medium
No,131,55,0,26,110,79,12,Yes,Yes,Bad
Yes,111,75,1,377,108,25,12,No,Yes,Good
Yes,122,21,16,488,131,30,14,Yes,Yes,Good
No,154,30,0,122,162,57,17,No,No,Medium
No,124,56,11,447,134,53,12,Yes,No,Medium
Yes,95,106,0,256,53,52,17,No,Yes,Good
Yes,109,22,10,348,79,74,14,Yes,No,Good
Yes,135,100,22,463,122,36,14,Yes,Yes,Medium
No,126,41,22,403,119,42,12,Yes,Yes,Bad
Yes,152,81,0,191,126,54,16,No,Yes,Medium
No,121,50,0,508,98,65,11,No,No,Medium
No,137,71,0,402,116,78,17,No,Yes,Medium
Yes,131,47,7,90,118,47,12,Yes,Yes,Medium
No,132,46,4,206,124,73,11,No,Yes,Medium
Yes,141,60,19,319,92,44,11,Yes,Yes,Good
No,132,61,0,263,125,41,12,No,No,Medium
No,133,88,3,105,119,79,12,Yes,Yes,Medium
No,125,111,0,404,107,54,15,No,Yes,Bad
Yes,106,64,10,17,89,68,17,Yes,Yes,Medium
No,124,65,21,496,151,77,13,Yes,Yes,Bad
No,121,28,19,315,121,66,14,Yes,Yes,Medium
Yes,98,117,0,76,68,63,10,No,Yes,Medium
Yes,123,37,15,348,112,28,12,Yes,Yes,Good
No,131,73,13,455,132,62,17,Yes,Yes,Medium
No,152,116,0,170,160,39,16,No,Yes,Medium
Yes,142,73,14,238,115,73,14,Yes,No,Medium
Yes,135,89,11,245,78,79,16,Yes,Yes,Bad
Yes,128,42,8,328,107,35,12,Yes,Yes,Medium
No,108,75,9,61,111,67,12,Yes,Yes,Medium
No,153,63,0,49,124,56,16,No,Yes,Bad
No,129,42,13,315,130,34,13,Yes,Yes,Bad
No,109,51,10,26,120,30,17,Yes,No,Medium
No,130,58,19,366,139,33,16,Yes,Yes,Bad
Yes,138,108,17,203,128,33,14,Yes,Yes,Good
No,139,23,3,37,120,55,11,Yes,No,Medium
No,162,26,12,368,159,40,18,Yes,Yes,Medium
No,100,79,7,284,95,50,12,Yes,Yes,Bad
Yes,134,37,0,27,120,49,16,Yes,Yes,Good
